Entreprise,Note,Avis,Présence web,Pain score,Prospect score,Téléphone,Site web,Problèmes,Maps URL
Le Groupe Ultra,4.3,33,has_site,20,13.2,(450) 378-9600,http://legroupeultra.com/,Pas de HTTPS,https://maps.google.com/?cid=3807266939463550905
Groupe Nivel,4.9,17,has_site,20,6.8,(450) 378-4426,http://www.groupenivel.com/,Pas de HTTPS,https://maps.google.com/?cid=875535367295389599
Roger Dion et fils 2006 inc,4.2,26,has_site,20,3.1,(450) 375-4751,http://www.rogerdionetfils.com/,Pas de HTTPS,https://maps.google.com/?cid=14415316035317950282
Mzo excavation inc,5,7,has_site,20,2.8,(514) 887-4122,http://www.mzoexcavation.com/,Pas de HTTPS,https://maps.google.com/?cid=8049383243453657878
Terrassement Granby et fils,3.9,7,has_site,60,2.5,(450) 777-4193,https://terrassementgranby.com/,Lien mort ou erreur réseau,https://maps.google.com/?cid=15769656083720988048
Mini Excavation Sylvain Dallaire,5,1,none,100,2,(450) 775-2352,,Aucun site web,https://maps.google.com/?cid=9353121088490317866
gemme excavation et fils,5,2,has_site,20,0.8,(450) 521-1220,http://gemmeexcavation.com/,Pas de HTTPS,https://maps.google.com/?cid=568045998243843150
Teko Excavation,5,4,has_site,0,0,(450) 915-6011,https://tekoexcavation.com/,,https://maps.google.com/?cid=10149552848595080083
Mini-excavation LCM,5,29,has_site,0,0,(579) 361-3222,https://miniexcavationlcm.com/,,https://maps.google.com/?cid=2546220357658948857
Groupe AllaireGince Infrastructures inc.,3.8,25,has_site,0,0,(450) 378-1623,https://allairegince.com/,,https://maps.google.com/?cid=1190375731214468425